1,1357718725941,/inbox
1,1357718871442,/groups
1,1357719038706,/groups
1,1357719110742,/groups
1,1357719196478,/
1,1357719197054,/inbox
1,1357719227950,/groups
1,1357719439530,/groups
1,1357719481915,/profile
1,1357719674236,/inbox
1,1357719933290,/profile
1,1357720217547,/groups
1,1357720500138,/profile
1,1357720503039,/inbox
1,1357720506272,/
1,1357720506416,/groups
1,1357720507733,/groups
1,1357720507890,/inbox
1,1357720516261,/inbox
1,1357720516662,/groups
1,1357720525511,/
1,1357720528779,/profile
1,1357720567348,/inbox
1,1357720630057,/groups
1,1357720704814,/inbox
1,1357720713264,/inbox
1,1357720752483,/groups
1,1357720817126,/
1,1357720869082,/profile
1,1357720941801,/
1,1357721087640,/
1,1357721178410,/groups
1,1357721241307,/
1,1357721254911,/
1,1357721267492,/
1,1357721444067,/
1,1357721469695,/profile
1,1357721472151,/groups
1,1357721648790,/
1,1357721651981,/groups
1,1357721655669,/profile
1,1357721655672,/profile
1,1357721890527,/inbox
1,1357722096267,/
1,1357722106116,/profile
1,1357722124419,/groups
1,1357722149312,/inbox
1,1357722433753,/inbox
1,1357722589722,/
1,1357722745017,/groups
1,1357722807510,/
1,1357722810924,/groups
1,1357722830787,/profile
1,1357722850729,/
1,1357722859989,/inbox
1,1357722868431,/profile
1,1357723085300,/inbox
1,1357723136923,/groups
1,1357723457528,/groups
1,1357723722000,/
1,1357723747911,/profile
1,1357723865012,/inbox
1,1357723908528,/groups
1,1357723927656,/groups
1,1357752230914,/
1,1357752288364,/inbox
1,1357752354145,/
1,1357752719722,/groups
1,1357752736753,/profile
1,1357752754144,/profile
1,1357752778488,/
1,1357752821230,/
1,1357752883435,/groups
1,1357752966793,/
1,1357753059657,/inbox
1,1357753071241,/inbox
1,1357753084790,/groups
1,1357753085314,/inbox
1,1357753136383,/profile
1,1357753195472,/
1,1357753341345,/groups
1,1357753508590,/profile
1,1357753698162,/
1,1357753909507,/inbox
1,1357754039339,/profile
1,1357754144187,/profile
1,1357754892344,/inbox
1,1357754898656,/inbox
1,1357754899457,/groups
1,1357754901669,/
1,1357754904603,/inbox
1,1357754914692,/inbox
1,1357755860737,/
1,1357755884549,/
1,1357755886368,/inbox
1,1357755926817,/inbox
1,1357755932933,/groups
1,1357755933974,/inbox
1,1357755937983,/groups
1,1357755940164,/groups
1,1357755943031,/profile
1,1357755944219,/
1,1357755945682,/groups
1,1357755954098,/inbox
1,1357755955291,/profile
1,1357755958632,/
1,1357755960159,/profile
1,1357755976290,/
1,1357755978967,/groups
1,1357755994487,/groups
1,1357755995811,/inbox
1,1357756971039,/inbox
1,1357758468571,/
1,1357758780089,/
1,1357758863527,/inbox
1,1357759120445,/inbox
1,1357759336331,/groups
1,1357759347807,/groups
1,1357759356450,/profile
1,1357759357322,/inbox
1,1357759556868,/inbox
1,1357759844359,/inbox
1,1357761012001,/profile
1,1357766638814,/
1,1357766652526,/inbox
1,1357766653155,/groups
1,1357766656568,/profile
1,1357766737534,/inbox
1,1357769333991,/
1,1357769355919,/profile
1,1357769365578,/inbox
1,1357769366234,/profile
1,1357769366663,/profile
1,1357769398910,/inbox
1,1357770692355,/inbox
1,1357770692736,/groups
1,1357770697114,/profile
1,1357770721009,/groups
1,1357770732005,/profile
1,1357780412097,/inbox
1,1357780439300,/profile
1,1357780445880,/inbox
1,1357780451793,/
1,1357780842737,/
1,1357780849487,/groups
1,1357780850788,/
1,1357780858152,/profile
1,1357780863494,/profile
1,1357780931309,/inbox
1,1357780981293,/inbox
1,1357781017040,/groups
1,1357781018089,/inbox
1,1357781030370,/profile
1,1357781035984,/groups
1,1357782449182,/profile
1,1357782452253,/groups
1,1357783191491,/groups
1,1357783201434,/profile
1,1357783900665,/profile
1,1357783901036,/inbox
2,1357752955401,/profile
2,1357752982385,/groups
2,1357753023937,/profile
2,1357753086028,/inbox
2,1357753168824,/profile
2,1357753272765,/
2,1357753398225,/inbox
2,1357753545034,/
2,1357753713231,/inbox
2,1357753902270,/groups
2,1357754115342,/profile
2,1357754351163,/profile
2,1357754610529,/
2,1357754751648,/groups
2,1357754773394,/inbox
2,1357754776996,/
2,1357754818711,/groups
2,1357754829840,/inbox
2,1357754917400,/groups
2,1357754982168,/
2,1357754997573,/profile
2,1357755078804,/inbox
2,1357755283996,/inbox
2,1357755881978,/groups
2,1357755906007,/groups
2,1357755947662,/inbox
2,1357756009972,/
2,1357756092442,/profile
2,1357756196129,/inbox
2,1357756320809,/groups
2,1357756467658,/profile
2,1357756634855,/inbox
2,1357756824062,/groups
2,1357757035319,/inbox
2,1357757269979,/
2,1357757528834,/profile
2,1357757813339,/groups
2,1357758124543,/inbox
2,1357758464821,/inbox
2,1357758840962,/
2,1357759250656,/groups
2,1357759699187,/inbox
2,1357760197198,/
2,1357760744828,/groups
2,1357760765090,/
2,1357760767732,/groups
2,1357760782030,/profile
2,1357760782065,/inbox
2,1357760793434,/profile
2,1357760803107,/groups
2,1357762893655,/
2,1357762916654,/profile
2,1357762916730,/groups
2,1357762950718,/inbox
2,1357762958235,/groups
2,1357762966863,/profile
2,1357763020170,/inbox
2,1357763140283,/groups
2,1357763158498,/inbox
2,1357763162914,/inbox
2,1357763849362,/groups
2,1357763872394,/
2,1357763908309,/groups
2,1357763914811,/profile
2,1357763921260,/profile
2,1357763933884,/profile
2,1357763942756,/inbox
2,1357763970017,/groups
2,1357763974044,/profile
2,1357763993500,/inbox
2,1357764037668,/
2,1357764046059,/
2,1357764056053,/inbox
2,1357767164604,/inbox
2,1357767233021,/groups
2,1357778462066,/inbox
2,1357778488109,/profile
2,1357778494461,/profile
2,1357778521987,/profile
2,1357778529682,/profile
2,1357778567662,/
2,1357778591720,/groups
2,1357778653557,/groups
2,1357778660382,/profile
2,1357778676599,/groups
2,1357778677481,/groups
2,1357778893303,/inbox
2,1357778902308,/groups
2,1357779017995,/
2,1357779040579,/groups
2,1357779041762,/inbox
2,1357779084067,/profile
2,1357779146068,/
2,1357779154952,/profile
2,1357779204710,/
2,1357779228502,/profile
2,1357779295815,/inbox
2,1357779323340,/
2,1357779327316,/groups
2,1357779331653,/groups
2,1357779340637,/profile
2,1357779383099,/profile
2,1357779405462,/inbox
2,1357779407193,/inbox
2,1357779426284,/
2,1357779456385,/inbox
2,1357779493927,/groups
2,1357782806939,/inbox
2,1357782831635,/
2,1357782832560,/groups
2,1357782957487,/inbox
2,1357783545121,/
2,1357783547025,/groups
2,1357801260886,/profile
2,1357801264170,/profile
2,1357801264428,/
2,1357801275936,/inbox
2,1357801286206,/inbox
2,1357801288442,/profile
2,1357801440633,/inbox
2,1357801442087,/groups
2,1357801480669,/groups
2,1357801671619,/groups
2,1357801695175,/groups
2,1357801699171,/profile
2,1357801737199,/inbox
2,1357801762915,/inbox
2,1357801784042,/inbox
2,1357801813550,/groups
2,1357801821925,/
2,1357801850414,/
2,1357802109007,/groups
2,1357802120520,/inbox
2,1357802139797,/groups
2,1357802790602,/groups
2,1357802813357,/inbox
2,1357802818800,/profile
2,1357802825253,/
2,1357802877844,/groups
2,1357802900610,/profile
2,1357802941128,/inbox
2,1357802942190,/
2,1357802963190,/groups
2,1357803004181,/groups
2,1357803032455,/inbox